{
	"pattrstorage" : 	{
		"name" : "u660010020",
		"slots" : 		{
			"1" : 			{
				"id" : 1,
				"name" : "pre1",
				"data" : 				{
					"b.hotspots" : [  ],
					"b.hotspots::hotspots" : [  ],
					"b.hotspots::hotspots::area1::height" : [ 30 ],
					"b.hotspots::hotspots::area1::width" : [ 30 ],
					"b.hotspots::hotspots::area1::x" : [ 30 ],
					"b.hotspots::hotspots::area1::y" : [ 30 ],
					"b.hotspots::hotspots::area2::height" : [ 30 ],
					"b.hotspots::hotspots::area2::width" : [ 30 ],
					"b.hotspots::hotspots::area2::x" : [ 160 ],
					"b.hotspots::hotspots::area2::y" : [ 30 ],
					"b.hotspots::hotspots::area3::height" : [ 30 ],
					"b.hotspots::hotspots::area3::width" : [ 30 ],
					"b.hotspots::hotspots::area3::x" : [ 290 ],
					"b.hotspots::hotspots::area3::y" : [ 30 ],
					"b.hotspots::hotspots::area4::height" : [ 30 ],
					"b.hotspots::hotspots::area4::width" : [ 30 ],
					"b.hotspots::hotspots::area4::x" : [ 290 ],
					"b.hotspots::hotspots::area4::y" : [ 120 ],
					"b.hotspots::hotspots::area5::height" : [ 30 ],
					"b.hotspots::hotspots::area5::width" : [ 30 ],
					"b.hotspots::hotspots::area5::x" : [ 290 ],
					"b.hotspots::hotspots::area5::y" : [ 200 ],
					"b.hotspots::hotspots::area6::height" : [ 30 ],
					"b.hotspots::hotspots::area6::width" : [ 30 ],
					"b.hotspots::hotspots::area6::x" : [ 160 ],
					"b.hotspots::hotspots::area6::y" : [ 200 ],
					"b.hotspots::hotspots::area7::height" : [ 30 ],
					"b.hotspots::hotspots::area7::width" : [ 30 ],
					"b.hotspots::hotspots::area7::x" : [ 30 ],
					"b.hotspots::hotspots::area7::y" : [ 200 ],
					"b.hotspots::hotspots::area8::height" : [ 30 ],
					"b.hotspots::hotspots::area8::width" : [ 30 ],
					"b.hotspots::hotspots::area8::x" : [ 30 ],
					"b.hotspots::hotspots::area8::y" : [ 120 ],
					"b.hotspots[1]" : [  ],
					"b.hotspots[1]::hotspots" : [  ],
					"b.hotspots[1]::hotspots::area1::height" : [ 30 ],
					"b.hotspots[1]::hotspots::area1::width" : [ 30 ],
					"b.hotspots[1]::hotspots::area1::x" : [ 40 ],
					"b.hotspots[1]::hotspots::area1::y" : [ 30 ],
					"b.hotspots[1]::hotspots::area2::height" : [ 30 ],
					"b.hotspots[1]::hotspots::area2::width" : [ 30 ],
					"b.hotspots[1]::hotspots::area2::x" : [ 40 ],
					"b.hotspots[1]::hotspots::area2::y" : [ 30 ],
					"b.hotspots[1]::hotspots::area3::height" : [ 30 ],
					"b.hotspots[1]::hotspots::area3::width" : [ 30 ],
					"b.hotspots[1]::hotspots::area3::x" : [ 40 ],
					"b.hotspots[1]::hotspots::area3::y" : [ 30 ],
					"b.hotspots[1]::hotspots::area4::height" : [ 30 ],
					"b.hotspots[1]::hotspots::area4::width" : [ 30 ],
					"b.hotspots[1]::hotspots::area4::x" : [ 40 ],
					"b.hotspots[1]::hotspots::area4::y" : [ 30 ],
					"b.hotspots[1]::hotspots::area5::height" : [ 30 ],
					"b.hotspots[1]::hotspots::area5::width" : [ 30 ],
					"b.hotspots[1]::hotspots::area5::x" : [ 40 ],
					"b.hotspots[1]::hotspots::area5::y" : [ 30 ],
					"b.hotspots[1]::hotspots::area6::height" : [ 30 ],
					"b.hotspots[1]::hotspots::area6::width" : [ 30 ],
					"b.hotspots[1]::hotspots::area6::x" : [ 40 ],
					"b.hotspots[1]::hotspots::area6::y" : [ 30 ],
					"b.hotspots[1]::hotspots::area7::height" : [ 30 ],
					"b.hotspots[1]::hotspots::area7::width" : [ 30 ],
					"b.hotspots[1]::hotspots::area7::x" : [ 40 ],
					"b.hotspots[1]::hotspots::area7::y" : [ 30 ],
					"b.hotspots[1]::hotspots::area8::height" : [ 30 ],
					"b.hotspots[1]::hotspots::area8::width" : [ 30 ],
					"b.hotspots[1]::hotspots::area8::x" : [ 40 ],
					"b.hotspots[1]::hotspots::area8::y" : [ 30 ],
					"b.hotspots[2]" : [  ],
					"b.hotspots[2]::hotspots" : [  ],
					"b.hotspots[2]::hotspots::area1::height" : [ 30 ],
					"b.hotspots[2]::hotspots::area1::width" : [ 30 ],
					"b.hotspots[2]::hotspots::area1::x" : [ 40 ],
					"b.hotspots[2]::hotspots::area1::y" : [ 30 ],
					"b.hotspots[2]::hotspots::area2::height" : [ 30 ],
					"b.hotspots[2]::hotspots::area2::width" : [ 30 ],
					"b.hotspots[2]::hotspots::area2::x" : [ 40 ],
					"b.hotspots[2]::hotspots::area2::y" : [ 30 ],
					"b.hotspots[2]::hotspots::area3::height" : [ 30 ],
					"b.hotspots[2]::hotspots::area3::width" : [ 30 ],
					"b.hotspots[2]::hotspots::area3::x" : [ 40 ],
					"b.hotspots[2]::hotspots::area3::y" : [ 30 ],
					"b.hotspots[2]::hotspots::area4::height" : [ 30 ],
					"b.hotspots[2]::hotspots::area4::width" : [ 30 ],
					"b.hotspots[2]::hotspots::area4::x" : [ 40 ],
					"b.hotspots[2]::hotspots::area4::y" : [ 30 ],
					"b.hotspots[2]::hotspots::area5::height" : [ 30 ],
					"b.hotspots[2]::hotspots::area5::width" : [ 30 ],
					"b.hotspots[2]::hotspots::area5::x" : [ 40 ],
					"b.hotspots[2]::hotspots::area5::y" : [ 30 ],
					"b.hotspots[2]::hotspots::area6::height" : [ 30 ],
					"b.hotspots[2]::hotspots::area6::width" : [ 30 ],
					"b.hotspots[2]::hotspots::area6::x" : [ 40 ],
					"b.hotspots[2]::hotspots::area6::y" : [ 30 ],
					"b.hotspots[2]::hotspots::area7::height" : [ 30 ],
					"b.hotspots[2]::hotspots::area7::width" : [ 30 ],
					"b.hotspots[2]::hotspots::area7::x" : [ 40 ],
					"b.hotspots[2]::hotspots::area7::y" : [ 30 ],
					"b.hotspots[2]::hotspots::area8::height" : [ 30 ],
					"b.hotspots[2]::hotspots::area8::width" : [ 30 ],
					"b.hotspots[2]::hotspots::area8::x" : [ 40 ],
					"b.hotspots[2]::hotspots::area8::y" : [ 30 ],
					"b.kinect::binary" : [ 0 ],
					"b.kinect::depth_filter" : [ 1 ],
					"b.kinect::device" : [ 0 ],
					"b.kinect::filter_link" : [ 0 ],
					"b.kinect::filter_normalize_max" : [ 1.5 ],
					"b.kinect::filter_normalize_min" : [ 0.0 ],
					"b.kinect::filter_threshold_far" : [ 0.35 ],
					"b.kinect::filter_threshold_near" : [ 0.0 ],
					"b.kinect::mirror" : [ 1 ],
					"b.kinect::mode" : [ 2 ],
					"b.kinect::tilt" : [ 0 ],
					"b.centroid[1]::auto" : [ 1 ],
					"b.centroid[1]::binary" : [ 0 ],
					"b.centroid[1]::interp" : [ 36 ],
					"b.centroid[1]::pos_x" : [ 0.46875 ],
					"b.centroid[1]::pos_y" : [ 0.904167 ],
					"b.presets::u438010024" : [ -1 ]
				}

			}
,
			"2" : 			{
				"id" : 2,
				"name" : "pre2",
				"data" : 				{
					"b.hotspots" : [  ],
					"b.hotspots::hotspots" : [  ],
					"b.hotspots::hotspots::area1::height" : [ 30 ],
					"b.hotspots::hotspots::area1::width" : [ 30 ],
					"b.hotspots::hotspots::area1::x" : [ 30 ],
					"b.hotspots::hotspots::area1::y" : [ 30 ],
					"b.hotspots::hotspots::area2::height" : [ 30 ],
					"b.hotspots::hotspots::area2::width" : [ 30 ],
					"b.hotspots::hotspots::area2::x" : [ 160 ],
					"b.hotspots::hotspots::area2::y" : [ 30 ],
					"b.hotspots::hotspots::area3::height" : [ 30 ],
					"b.hotspots::hotspots::area3::width" : [ 30 ],
					"b.hotspots::hotspots::area3::x" : [ 290 ],
					"b.hotspots::hotspots::area3::y" : [ 30 ],
					"b.hotspots::hotspots::area4::height" : [ 30 ],
					"b.hotspots::hotspots::area4::width" : [ 30 ],
					"b.hotspots::hotspots::area4::x" : [ 290 ],
					"b.hotspots::hotspots::area4::y" : [ 120 ],
					"b.hotspots::hotspots::area5::height" : [ 30 ],
					"b.hotspots::hotspots::area5::width" : [ 30 ],
					"b.hotspots::hotspots::area5::x" : [ 290 ],
					"b.hotspots::hotspots::area5::y" : [ 200 ],
					"b.hotspots::hotspots::area6::height" : [ 30 ],
					"b.hotspots::hotspots::area6::width" : [ 30 ],
					"b.hotspots::hotspots::area6::x" : [ 160 ],
					"b.hotspots::hotspots::area6::y" : [ 200 ],
					"b.hotspots::hotspots::area7::height" : [ 30 ],
					"b.hotspots::hotspots::area7::width" : [ 30 ],
					"b.hotspots::hotspots::area7::x" : [ 30 ],
					"b.hotspots::hotspots::area7::y" : [ 200 ],
					"b.hotspots::hotspots::area8::height" : [ 30 ],
					"b.hotspots::hotspots::area8::width" : [ 30 ],
					"b.hotspots::hotspots::area8::x" : [ 30 ],
					"b.hotspots::hotspots::area8::y" : [ 120 ],
					"b.hotspots[1]" : [  ],
					"b.hotspots[1]::hotspots" : [  ],
					"b.hotspots[1]::hotspots::area1::height" : [ 30 ],
					"b.hotspots[1]::hotspots::area1::width" : [ 30 ],
					"b.hotspots[1]::hotspots::area1::x" : [ 130 ],
					"b.hotspots[1]::hotspots::area1::y" : [ 45 ],
					"b.hotspots[1]::hotspots::area2::height" : [ 30 ],
					"b.hotspots[1]::hotspots::area2::width" : [ 30 ],
					"b.hotspots[1]::hotspots::area2::x" : [ 190 ],
					"b.hotspots[1]::hotspots::area2::y" : [ 45 ],
					"b.hotspots[1]::hotspots::area3::height" : [ 30 ],
					"b.hotspots[1]::hotspots::area3::width" : [ 30 ],
					"b.hotspots[1]::hotspots::area3::x" : [ 250 ],
					"b.hotspots[1]::hotspots::area3::y" : [ 85 ],
					"b.hotspots[1]::hotspots::area4::height" : [ 30 ],
					"b.hotspots[1]::hotspots::area4::width" : [ 30 ],
					"b.hotspots[1]::hotspots::area4::x" : [ 250 ],
					"b.hotspots[1]::hotspots::area4::y" : [ 150 ],
					"b.hotspots[1]::hotspots::area5::height" : [ 30 ],
					"b.hotspots[1]::hotspots::area5::width" : [ 30 ],
					"b.hotspots[1]::hotspots::area5::x" : [ 190 ],
					"b.hotspots[1]::hotspots::area5::y" : [ 190 ],
					"b.hotspots[1]::hotspots::area6::height" : [ 30 ],
					"b.hotspots[1]::hotspots::area6::width" : [ 30 ],
					"b.hotspots[1]::hotspots::area6::x" : [ 130 ],
					"b.hotspots[1]::hotspots::area6::y" : [ 190 ],
					"b.hotspots[1]::hotspots::area7::height" : [ 30 ],
					"b.hotspots[1]::hotspots::area7::width" : [ 30 ],
					"b.hotspots[1]::hotspots::area7::x" : [ 70 ],
					"b.hotspots[1]::hotspots::area7::y" : [ 155 ],
					"b.hotspots[1]::hotspots::area8::height" : [ 30 ],
					"b.hotspots[1]::hotspots::area8::width" : [ 30 ],
					"b.hotspots[1]::hotspots::area8::x" : [ 70 ],
					"b.hotspots[1]::hotspots::area8::y" : [ 95 ],
					"b.hotspots[2]" : [  ],
					"b.hotspots[2]::hotspots" : [  ],
					"b.hotspots[2]::hotspots::area1::height" : [ 30 ],
					"b.hotspots[2]::hotspots::area1::width" : [ 30 ],
					"b.hotspots[2]::hotspots::area1::x" : [ 130 ],
					"b.hotspots[2]::hotspots::area1::y" : [ 95 ],
					"b.hotspots[2]::hotspots::area2::height" : [ 30 ],
					"b.hotspots[2]::hotspots::area2::width" : [ 30 ],
					"b.hotspots[2]::hotspots::area2::x" : [ 190 ],
					"b.hotspots[2]::hotspots::area2::y" : [ 95 ],
					"b.hotspots[2]::hotspots::area3::height" : [ 30 ],
					"b.hotspots[2]::hotspots::area3::width" : [ 30 ],
					"b.hotspots[2]::hotspots::area3::x" : [ 190 ],
					"b.hotspots[2]::hotspots::area3::y" : [ 155 ],
					"b.hotspots[2]::hotspots::area4::height" : [ 30 ],
					"b.hotspots[2]::hotspots::area4::width" : [ 30 ],
					"b.hotspots[2]::hotspots::area4::x" : [ 130 ],
					"b.hotspots[2]::hotspots::area4::y" : [ 155 ],
					"b.hotspots[2]::hotspots::area5::height" : [ 30 ],
					"b.hotspots[2]::hotspots::area5::width" : [ 30 ],
					"b.hotspots[2]::hotspots::area5::x" : [ 40 ],
					"b.hotspots[2]::hotspots::area5::y" : [ 30 ],
					"b.hotspots[2]::hotspots::area6::height" : [ 30 ],
					"b.hotspots[2]::hotspots::area6::width" : [ 30 ],
					"b.hotspots[2]::hotspots::area6::x" : [ 40 ],
					"b.hotspots[2]::hotspots::area6::y" : [ 30 ],
					"b.hotspots[2]::hotspots::area7::height" : [ 30 ],
					"b.hotspots[2]::hotspots::area7::width" : [ 30 ],
					"b.hotspots[2]::hotspots::area7::x" : [ 40 ],
					"b.hotspots[2]::hotspots::area7::y" : [ 30 ],
					"b.hotspots[2]::hotspots::area8::height" : [ 30 ],
					"b.hotspots[2]::hotspots::area8::width" : [ 30 ],
					"b.hotspots[2]::hotspots::area8::x" : [ 40 ],
					"b.hotspots[2]::hotspots::area8::y" : [ 30 ],
					"b.kinect::binary" : [ 0 ],
					"b.kinect::depth_filter" : [ 1 ],
					"b.kinect::device" : [ 0 ],
					"b.kinect::filter_link" : [ 0 ],
					"b.kinect::filter_normalize_max" : [ 1.5 ],
					"b.kinect::filter_normalize_min" : [ 0.0 ],
					"b.kinect::filter_threshold_far" : [ 0.42 ],
					"b.kinect::filter_threshold_near" : [ 0.0 ],
					"b.kinect::mirror" : [ 1 ],
					"b.kinect::mode" : [ 2 ],
					"b.kinect::tilt" : [ 0 ],
					"b.centroid[1]::auto" : [ 1 ],
					"b.centroid[1]::binary" : [ 1 ],
					"b.centroid[1]::interp" : [ 5 ],
					"b.centroid[1]::pos_x" : [ 0.7125 ],
					"b.centroid[1]::pos_y" : [ 1.0 ],
					"b.presets::u438010024" : [  ]
				}

			}

		}

	}

}
