{
	"pattrstorage" : 	{
		"name" : "u420000412",
		"slots" : 		{
			"1" : 			{
				"id" : 1,
				"name" : "robotsynth",
				"data" : 				{
					"b.centroid::auto" : [ 1 ],
					"b.centroid::binary" : [ 0 ],
					"b.centroid::interp" : [ 0 ],
					"b.centroid::pos_x" : [ 0.4625 ],
					"b.centroid::pos_y" : [ 0.5375 ],
					"b.hotspots" : [  ],
					"b.hotspots::hotspots" : [  ],
					"b.hotspots::hotspots::area1::height" : [ 30 ],
					"b.hotspots::hotspots::area1::width" : [ 30 ],
					"b.hotspots::hotspots::area1::x" : [ 40 ],
					"b.hotspots::hotspots::area1::y" : [ 30 ],
					"b.hotspots::hotspots::area2::height" : [ 30 ],
					"b.hotspots::hotspots::area2::width" : [ 30 ],
					"b.hotspots::hotspots::area2::x" : [ 40 ],
					"b.hotspots::hotspots::area2::y" : [ 30 ],
					"b.hotspots::hotspots::area3::height" : [ 30 ],
					"b.hotspots::hotspots::area3::width" : [ 30 ],
					"b.hotspots::hotspots::area3::x" : [ 40 ],
					"b.hotspots::hotspots::area3::y" : [ 30 ],
					"b.hotspots::hotspots::area4::height" : [ 30 ],
					"b.hotspots::hotspots::area4::width" : [ 30 ],
					"b.hotspots::hotspots::area4::x" : [ 40 ],
					"b.hotspots::hotspots::area4::y" : [ 30 ],
					"b.hotspots::hotspots::area5::height" : [ 30 ],
					"b.hotspots::hotspots::area5::width" : [ 30 ],
					"b.hotspots::hotspots::area5::x" : [ 40 ],
					"b.hotspots::hotspots::area5::y" : [ 30 ],
					"b.hotspots::hotspots::area6::height" : [ 30 ],
					"b.hotspots::hotspots::area6::width" : [ 30 ],
					"b.hotspots::hotspots::area6::x" : [ 40 ],
					"b.hotspots::hotspots::area6::y" : [ 30 ],
					"b.hotspots::hotspots::area7::height" : [ 30 ],
					"b.hotspots::hotspots::area7::width" : [ 30 ],
					"b.hotspots::hotspots::area7::x" : [ 40 ],
					"b.hotspots::hotspots::area7::y" : [ 30 ],
					"b.hotspots::hotspots::area8::height" : [ 30 ],
					"b.hotspots::hotspots::area8::width" : [ 30 ],
					"b.hotspots::hotspots::area8::x" : [ 40 ],
					"b.hotspots::hotspots::area8::y" : [ 30 ],
					"b.hotspots[1]" : [  ],
					"b.hotspots[1]::hotspots" : [  ],
					"b.hotspots[1]::hotspots::area1::height" : [ 30 ],
					"b.hotspots[1]::hotspots::area1::width" : [ 30 ],
					"b.hotspots[1]::hotspots::area1::x" : [ 40 ],
					"b.hotspots[1]::hotspots::area1::y" : [ 30 ],
					"b.hotspots[1]::hotspots::area2::height" : [ 30 ],
					"b.hotspots[1]::hotspots::area2::width" : [ 30 ],
					"b.hotspots[1]::hotspots::area2::x" : [ 40 ],
					"b.hotspots[1]::hotspots::area2::y" : [ 30 ],
					"b.hotspots[1]::hotspots::area3::height" : [ 30 ],
					"b.hotspots[1]::hotspots::area3::width" : [ 30 ],
					"b.hotspots[1]::hotspots::area3::x" : [ 40 ],
					"b.hotspots[1]::hotspots::area3::y" : [ 30 ],
					"b.hotspots[1]::hotspots::area4::height" : [ 30 ],
					"b.hotspots[1]::hotspots::area4::width" : [ 30 ],
					"b.hotspots[1]::hotspots::area4::x" : [ 40 ],
					"b.hotspots[1]::hotspots::area4::y" : [ 30 ],
					"b.hotspots[1]::hotspots::area5::height" : [ 30 ],
					"b.hotspots[1]::hotspots::area5::width" : [ 30 ],
					"b.hotspots[1]::hotspots::area5::x" : [ 40 ],
					"b.hotspots[1]::hotspots::area5::y" : [ 30 ],
					"b.hotspots[1]::hotspots::area6::height" : [ 30 ],
					"b.hotspots[1]::hotspots::area6::width" : [ 30 ],
					"b.hotspots[1]::hotspots::area6::x" : [ 40 ],
					"b.hotspots[1]::hotspots::area6::y" : [ 30 ],
					"b.hotspots[1]::hotspots::area7::height" : [ 30 ],
					"b.hotspots[1]::hotspots::area7::width" : [ 30 ],
					"b.hotspots[1]::hotspots::area7::x" : [ 40 ],
					"b.hotspots[1]::hotspots::area7::y" : [ 30 ],
					"b.hotspots[1]::hotspots::area8::height" : [ 30 ],
					"b.hotspots[1]::hotspots::area8::width" : [ 30 ],
					"b.hotspots[1]::hotspots::area8::x" : [ 40 ],
					"b.hotspots[1]::hotspots::area8::y" : [ 30 ],
					"b.hotspots[2]" : [  ],
					"b.hotspots[2]::hotspots" : [  ],
					"b.hotspots[2]::hotspots::area1::height" : [ 30 ],
					"b.hotspots[2]::hotspots::area1::width" : [ 30 ],
					"b.hotspots[2]::hotspots::area1::x" : [ 40 ],
					"b.hotspots[2]::hotspots::area1::y" : [ 30 ],
					"b.hotspots[2]::hotspots::area2::height" : [ 30 ],
					"b.hotspots[2]::hotspots::area2::width" : [ 30 ],
					"b.hotspots[2]::hotspots::area2::x" : [ 40 ],
					"b.hotspots[2]::hotspots::area2::y" : [ 30 ],
					"b.hotspots[2]::hotspots::area3::height" : [ 30 ],
					"b.hotspots[2]::hotspots::area3::width" : [ 30 ],
					"b.hotspots[2]::hotspots::area3::x" : [ 40 ],
					"b.hotspots[2]::hotspots::area3::y" : [ 30 ],
					"b.hotspots[2]::hotspots::area4::height" : [ 30 ],
					"b.hotspots[2]::hotspots::area4::width" : [ 30 ],
					"b.hotspots[2]::hotspots::area4::x" : [ 40 ],
					"b.hotspots[2]::hotspots::area4::y" : [ 30 ],
					"b.hotspots[2]::hotspots::area5::height" : [ 30 ],
					"b.hotspots[2]::hotspots::area5::width" : [ 30 ],
					"b.hotspots[2]::hotspots::area5::x" : [ 40 ],
					"b.hotspots[2]::hotspots::area5::y" : [ 30 ],
					"b.hotspots[2]::hotspots::area6::height" : [ 30 ],
					"b.hotspots[2]::hotspots::area6::width" : [ 30 ],
					"b.hotspots[2]::hotspots::area6::x" : [ 40 ],
					"b.hotspots[2]::hotspots::area6::y" : [ 30 ],
					"b.hotspots[2]::hotspots::area7::height" : [ 30 ],
					"b.hotspots[2]::hotspots::area7::width" : [ 30 ],
					"b.hotspots[2]::hotspots::area7::x" : [ 40 ],
					"b.hotspots[2]::hotspots::area7::y" : [ 30 ],
					"b.hotspots[2]::hotspots::area8::height" : [ 30 ],
					"b.hotspots[2]::hotspots::area8::width" : [ 30 ],
					"b.hotspots[2]::hotspots::area8::x" : [ 40 ],
					"b.hotspots[2]::hotspots::area8::y" : [ 30 ],
					"b.presets[1]::u336000416" : [  ]
				}

			}

		}

	}

}
